<?xml version="1.0" encoding="UTF-8"?><metadata>
    <idinfo>
        <citation>
            <citeinfo>
                <pubdate>20180402</pubdate>
                <title>Streetcar Stations</title>
                <onlink>https://gisdata.seattle.gov/server/rest/services/SDOT/SDOT_Transit/MapServer/0</onlink>
            </citeinfo>
        </citation>
        <descript>
            <abstract>Streetcar Stations in Seattle.  Contains stations/stops on the South Lake Union and First Hill Line.  | Attribute Information: https://www.seattle.gov/Documents/Departments/SDOT/GIS/Streetcar_Stations_OD.pdf | Update Cycle: As Needed | Contact Email: DOT_IT_GIS@seattle.gov</abstract>
            <purpose>Streetcar Stations in the City of Seattle</purpose>
        </descript>
        <status>
            <update>As needed</update>
        </status>
        <spdom>
            <bounding>
                <westbc>-122.4754</westbc>
                <eastbc>-122.2008</eastbc>
                <northbc>47.7582</northbc>
                <southbc>47.4814</southbc>
            </bounding>
        </spdom>
        <keywords>
            <theme>
                <themekt>ISO 19115 Topic Categories</themekt>
                <themekey>transportation</themekey>
            </theme>
            <theme>
                <themekt>None</themekt>
                <themekey>Streetcar</themekey>
                <themekey>Transportation</themekey>
                <themekey>Transit</themekey>
                <themekey>GIS</themekey>
                <themekey>SDOT</themekey>
                <themekey>Seattle</themekey>
                <themekey>WA</themekey>
                <themekey>South Lake Union</themekey>
                <themekey>First Hill</themekey>
                <themekey>018</themekey>
                <themekey>Stations</themekey>
            </theme>
        </keywords>
        <accconst>None</accconst>
        <useconst>PDDL | This item is meant for public access and use.  The City of Seattle makes no representation or warranty as to its accuracy.  


Important | The City of Seattle has created this service for our GIS Open Data website.  We do reserve the right to alter, suspend, re-host, or retire this service at any time and without notice.  GIS staff will provide notification of changes via the Comments RSS capability in ArcGIS Online.</useconst>
        <ptcontac>
            <cntinfo>
                <cntorgp>
                    <cntorg>Seattle IT</cntorg>
                    <cntper>SDOT</cntper>
                </cntorgp>
                <cntpos>Senior GIS Analyst</cntpos>
                <cntaddr>
                    <addrtype>mailing and physical</addrtype>
                    <city>Seattle</city>
                    <state>WA</state>
                    <postal>98104</postal>
                </cntaddr>
                <cntemail>DOT_IT_GIS@seattle.gov</cntemail>
            </cntinfo>
        </ptcontac>
        <datacred>SDOT, City of Seattle</datacred>
    </idinfo>
    <metainfo>
        <metd>20180402</metd>
        <metc>
            <cntinfo>
                <cntorgp>
                    <cntorg>City of Seattle</cntorg>
                    <cntper>SDOT</cntper>
                </cntorgp>
                <cntpos>Senior GIS Analyst</cntpos>
                <cntaddr>
                    <addrtype>mailing and physical</addrtype>
                    <city>Seattle</city>
                    <state>Washington</state>
                    <postal>98104</postal>
                    <country>US</country>
                </cntaddr>
                <cntemail>DOT_IT_GIS@seattle.gov</cntemail>
            </cntinfo>
        </metc>
        <metstdn>FGDC Content Standard for Digital Geospatial Metadata</metstdn>
        <metstdv>FGDC-STD-001-1998</metstdv>
        <mettc>local time</mettc>
    </metainfo>
</metadata>
